date,phase,rss_mib,pss_mib
1791426580,idle_after_hello,421.7,173.7
1791426600,signed_in_idle,1489.1,935.8
1791426607,playing,1775.8,1068.5
1791426612,playing,1636.5,928.0
1791426617,playing,1602.9,894.1
1791426622,playing,1602.6,893.3
1791426627,playing,1604.5,894.8
1791426632,playing,1609.2,899.2
1791426637,playing,1613.5,903.1
1791426642,playing,1610.0,898.8
1791426647,playing,1608.9,897.3
1791426652,playing,1604.2,892.3
1791426657,playing,1607.9,895.6
1791426662,playing,1600.5,887.6
1791426667,playing,1605.2,892.3
1791426672,playing,1598.1,885.3
1791426677,playing,1604.2,891.3
1791426682,playing,1599.2,886.3
1791426687,playing,1603.5,890.7
1791426692,playing,1602.8,889.9
1791426697,playing,1600.3,887.5
1791426702,playing,1604.9,891.7
1791426707,playing,1600.8,887.4
1791426712,playing,1603.7,890.3
1791426717,playing,1603.6,890.2
1791426722,playing,1606.7,893.4
1791426727,playing,1602.7,889.4
1791426732,playing,1605.0,891.7
1791426737,playing,1600.4,887.1
1791426742,playing,1608.4,895.1
1791426747,playing,1601.4,888.1
1791426752,playing,1608.3,895.0
1791426757,playing,1601.3,888.0
1791426762,playing,1607.1,893.8
1791426767,playing,1603.9,890.5
1791426772,playing,1604.0,890.7
1791426778,playing,1604.2,890.9
1791426783,playing,1601.2,887.8
1791426788,playing,1602.1,888.8
1791426793,playing,1604.6,891.2
1791426798,playing,1604.3,890.9
1791426803,playing,1604.1,890.8
1791426808,playing,1606.9,893.6
1791426813,playing,1602.6,889.3
1791426818,playing,1609.7,896.4
1791426823,playing,1602.2,888.9
1791426828,playing,1610.6,897.3
1791426833,playing,1602.4,889.1
1791426838,playing,1607.7,894.4
1791426843,playing,1603.1,889.8
1791426848,playing,1604.6,891.3
1791426853,playing,1605.2,891.9
1791426858,playing,1593.7,880.5
1791426863,playing,1593.5,880.2
1791426868,playing,1595.7,882.4
1791426873,playing,1597.9,884.7
1791426878,playing,1599.5,886.2
1791426883,playing,1599.8,886.5
1791426888,playing,1598.8,885.4
1791426893,playing,1601.4,888.1
1791426898,playing,1597.3,883.9
1791426903,playing,1605.3,892.0
